<?xml version="1.0" encoding="utf-8"?>
<extension type="plugin" group="system" method="upgrade">
	<name>PLG_SYSTEM_CONVERTFORMSGHSVS</name>
	<author>G@HService Berlin Neukölln, Volkmar Volli Schlothauer</author>
	<creationDate>2022-06-11</creationDate>
	<copyright>(C) 2022, G@HService Berlin Neukölln, Volkmar Volli Schlothauer.</copyright>
	<license>GNU General Public License version 3 or later; see LICENSE.txt.</license>
	<authorUrl>https://ghsvs.de</authorUrl>
	<version>2022.10.04</version>
 	<description>PLG_SYSTEM_CONVERTFORMSGHSVS_XML_DESCRIPTION</description>

	<updateservers>
		<server type="extension" priority="1" name="PLG_SYSTEM_CONVERTFORMSGHSVS">https://raw.githubusercontent.com/GHSVS-de/upadateservers/master/plg_system_convertformsghsvs-update.xml</server>
	</updateservers>

	<changelogurl>https://raw.githubusercontent.com/GHSVS-de/upadateservers/master/plg_system_convertformsghsvs-changelog.xml</changelogurl>

	<infourl>https://updates.ghsvs.de/changelog.php?file=plg_system_convertformsghsvs</infourl>

	<scriptfile>installerScript.php</scriptfile>
	<minimumPhp>7.4.0</minimumPhp>
	<maximumPhp>8.9999.9999</maximumPhp>
	<minimumJoomla>3.10.0</minimumJoomla>
	<maximumJoomla>4.9999.9999</maximumJoomla>
	<allowDowngrades>1</allowDowngrades>

	<files>
		<filename plugin="convertformsghsvs">convertformsghsvs.php</filename>
		<filename>installerScript.php</filename>
		<filename>joomla.asset.json</filename>
		<filename>LICENSE.txt</filename>
		<filename>package.json</filename>
		<folder>language</folder>
		<folder>src</folder>
	</files>
	<namespace path="src">Joomla\Plugin\System\ConvertFormsGhsvs</namespace>
	<config addfieldpath="plugins/system/convertformsghsvs/src/Field/j3" addfieldprefix="Joomla\Plugin\System\ConvertFormsGhsvs\Field">
		<fields name="params">

			<fieldset name="basic">
				<field type="hidden" default="1" name="convertformsghsvsplugin"/>
			</fieldset>


			<fieldset name="settings" label="Settings">

				<field type="list" default="0" name="sendCopy" filter="integer"
					label="PLG_SYSTEM_CONVERTFORMSGHSVS_SENDCOPY"
					description="PLG_SYSTEM_CONVERTFORMSGHSVS_SENDCOPY_DESC">
					<option value="0">JNO</option>
					<option value="1">JYES</option>
				</field>

				<field type="list" default="0" name="attachUploaded" filter="integer"
					label="PLG_SYSTEM_CONVERTFORMSGHSVS_ATTACHUPLOADED"
					description="PLG_SYSTEM_CONVERTFORMSGHSVS_ATTACHUPLOADED_DESC">
					<option value="0">JNO</option>
					<option value="1">JYES</option>
				</field>

				<field type="list" default="1" name="protectUploaded" filter="integer"
					label="PLG_SYSTEM_CONVERTFORMSGHSVS_PROTECTUPLOADED"
					description="PLG_SYSTEM_CONVERTFORMSGHSVS_PROTECTUPLOADED_DESC">
					<option value="0">JNO</option>
					<option value="1">JYES</option>
				</field>

				<field type="number" default="30" name="cleanoutIntervall" filter="integer"
					min="-1"
					label="PLG_SYSTEM_CONVERTFORMSGHSVS_CLEANOUTINTERVALL"
					description="PLG_SYSTEM_CONVERTFORMSGHSVS_CLEANOUTINTERVALL_DESC"
					showon="protectUploaded:1" />

				<field type="textarea" default="" name="spamWords" filter="string" rows="15"
					label="PLG_SYSTEM_CONVERTFORMSGHSVS_SPAMWORDS"
					description="PLG_SYSTEM_CONVERTFORMSGHSVS_SPAMWORDS_DESC"/>

				<field type="text" default="[***]" name="spamWordsReplacer" filter="string"
					label="PLG_SYSTEM_CONVERTFORMSGHSVS_SPAMWORDSREPLACER"
					description="PLG_SYSTEM_CONVERTFORMSGHSVS_SPAMWORDSREPLACER_DESC"/>

				<field type="list" default="0" name="debug" filter="integer"
					label="PLG_SYSTEM_CONVERTFORMSGHSVS_DEBUG"
					description="PLG_SYSTEM_CONVERTFORMSGHSVS_DEBUG_DESC">
					<option value="0">JNO</option>
					<option value="1">JYES</option>
				</field>

			</fieldset>
		</fields>
	</config>

</extension>
