{
  "$schema": "https://developer.joomla.org/schemas/json-schema/web_assets.json",
  "name": "plg_system_convertformsghsvs",
  "version": "2022.10.04",
  "description": "Joomla system plugin. Performs additional actions when extension ConvertForms is used.",
  "license": "GNU General Public License version 3 or later; see LICENSE.txt.",
  "assets": [
		{
			"name": "plg_system_convertformsghsvs.override.template",
			"version": "2022.10.04",
			"type": "style",
			"uri": "plg_system_convertformsghsvs.css",
			"weight": 200
		},
		{
			"name": "plg_system_convertformsghsvs.com_convertforms.overrule",
			"description": "Um die Ladereihenfolge umzudrehen, falls in ConvertForms-Optionen loadCSS aktiv. ",
			"version": "2022.10.04",
			"type": "style",
			"uri": "com_convertforms/convertforms.css",
			"weight": 100
		}
  ]
}
