<?xml version="1.0" encoding="utf-8"?>
<extension type="plugin" group="system" method="upgrade">
	<name>PLG_SYSTEM_CONVERTFORMSGHSVS</name>
	<author>G@HService Berlin Neukölln, Volkmar Volli Schlothauer</author>
	<creationDate>2022-06-11</creationDate>
	<copyright>(C) 2022, G@HService Berlin Neukölln, Volkmar Volli Schlothauer.</copyright>
	<license>GNU General Public License version 3 or later; see LICENSE.txt.</license>
	<authorUrl>https://ghsvs.de</authorUrl>
	<version>2022.06.11</version>
 	<description>PLG_SYSTEM_CONVERTFORMSGHSVS_XML_DESCRIPTION</description>

	<updateservers>
		<server type="extension" priority="1" name="PLG_SYSTEM_CONVERTFORMSGHSVS">https://raw.githubusercontent.com/GHSVS-de/upadateservers/master/plg_system_convertformsghsvs-update.xml</server>
	</updateservers>

	<changelogurl>https://raw.githubusercontent.com/GHSVS-de/upadateservers/master/plg_system_convertformsghsvs-changelog.xml</changelogurl>

	<infourl>https://updates.ghsvs.de/changelog.php?file=plg_system_convertformsghsvs</infourl>

	<scriptfile>installerScript.php</scriptfile>
	<minimumPhp>7.4.0</minimumPhp>
	<maximumPhp>8.9999.9999</maximumPhp>
	<minimumJoomla>3.10.0</minimumJoomla>
	<maximumJoomla>4.9999.9999</maximumJoomla>
	<allowDowngrades>1</allowDowngrades>

	<files>
		<filename plugin="convertformsghsvs">convertformsghsvs.php</filename>
		<filename>installerScript.php</filename>
		<filename>LICENSE.txt</filename>
		<folder>language</folder>
		<!-- <folder>src</folder> -->
	</files>
	<namespace path="src">Joomla\Plugin\System\ConvertFormsGhsvs</namespace>
	<config addfieldpath="plugins/system/convertformsghsvs/src/Field/j3" addfieldprefix="Joomla\Plugin\System\ConvertFormsGhsvs\Field">
		<fields name="params">

			<fieldset name="basic">
				<field type="hidden" default="1" name="convertformsghsvsplugin"/>
			</fieldset>

		</fields>
	</config>

</extension>
